"neighborhood","district","year","fac_culture","fac_sports","fac_health","fac_welfare","fac_schools","hou_corporation","hou_occupant","hou_other","hou_value","inc_income","inc_gini","pop_total","pop_unemployed","saf_neighbors","saf_nonneighbors","saf_catering","spa_streets","spa_green","spa_playing"
"Langestraat e.o.","A Centrum",2017,29,0,19,2,1,83,599,484,653594,67100,0.46,1838,54,"2.high","1.low","2.high","2.average","2.average","3.high"
"Lastage","A Centrum",2017,16,0,20,4,1,163,211,287,363010,39800,0.36,1086,78,"1.low","1.low","1.low","2.average","2.average","2.average"
"Uilenburg","A Centrum",2017,15,2,12,2,1,292,301,203,378445,43800,0.38,1152,78,"2.high","1.low","2.high","1.low","1.low","1.low"
"Westelijke Eilanden","A Centrum",2017,37,1,25,9,1,868,567,237,399603,41500,0.38,2902,217,"2.high","1.low","2.high","2.average","2.average","3.high"
"Elandsgrachtbuurt","A Centrum",2017,50,6,37,13,1,1006,812,1107,353556,39100,0.38,4257,308,"1.low","1.low","1.low","2.average","1.low","1.low"
"Anjeliersbuurt Zuid","A Centrum",2017,49,0,23,6,1,956,545,459,347941,35900,0.35,2957,252,"2.high","1.low","1.low","3.high","2.average","2.average"
"Weteringbuurt","A Centrum",2017,26,3,37,4,1,131,668,706,433705,50900,0.42,2418,114,"2.high","1.low","1.low","2.average","3.high","2.average"
"Frederikspleinbuurt","A Centrum",2017,5,0,20,1,1,108,255,187,548899,61000,0.43,906,46,"2.high","1.low","2.high","2.average","3.high","3.high"
"Weesperbuurt","A Centrum",2017,31,0,47,8,1,535,565,611,390901,41800,0.42,3247,200,"2.high","1.low","2.high","2.average","2.average","2.average"
"Wittenburg","A Centrum",2017,33,0,14,14,1,811,392,98,305743,35200,0.3,2197,244,"2.high","1.low","2.high","2.average","2.average","2.average"
"Czaar Peterbuurt","A Centrum",2017,21,3,22,9,1,813,326,312,240673,33200,0.3,2230,282,"1.low","1.low","2.high","1.low","2.average","2.average"
"Zeeheldenbuurt","E West",2017,22,0,23,12,1,577,302,145,276801,33300,0.3,2090,243,"1.low","1.low","2.high","2.average","2.average","3.high"
"Spaarndammerbuurt Zuidwest","E West",2017,19,0,15,6,1,482,273,191,240285,33900,0.3,1739,147,"1.low","1.low","1.low","2.average","3.high","3.high"
"Staatsliedenbuurt Noordoost","E West",2017,9,1,8,3,1,572,139,32,261685,29800,0.27,1246,150,"2.high","1.low","2.high","2.average","3.high","3.high"
"Fannius Scholtenbuurt","E West",2017,47,2,30,12,1,1211,772,341,251845,33500,0.29,3711,427,"1.low","1.low","2.high","2.average","2.average","2.average"
"Frederik Hendrikbuurt Zuidoost","E West",2017,29,0,29,9,1,856,606,580,263040,36100,0.33,3293,365,"1.low","1.low","1.low","2.average","2.average","2.average"
"Da Costabuurt Noord","E West",2017,63,3,61,16,1,605,946,1106,339699,41500,0.35,4742,305,"2.high","2.high","2.high","2.average","2.average","2.average"
"Bellamybuurt Zuid","E West",2017,41,1,17,10,2,894,618,733,276769,35900,0.32,3592,321,"2.high","1.low","2.high","2.average","2.average","2.average"
"Da Costabuurt Zuid","E West",2017,32,0,15,4,1,314,565,562,290839,36200,0.32,2205,175,"2.high","1.low","2.high","2.average","2.average","2.average"
"Borgerbuurt","E West",2017,18,1,20,12,1,1348,267,104,260309,28800,0.28,2857,348,"2.high","1.low","1.low","2.average","2.average","2.average"
"Cremerbuurt West","E West",2017,58,1,59,19,1,667,1264,1418,319012,42100,0.33,5674,396,"1.low","2.high","2.high","2.average","3.high","3.high"
"Bosleeuw","E West",2017,46,2,23,16,2,1450,780,486,213256,32600,0.27,5832,620,"1.low","1.low","1.low","2.average","2.average","2.average"
"Landlust Zuid","E West",2017,31,1,18,14,1,1055,587,614,242974,33300,0.28,3983,431,"1.low","1.low","2.high","2.average","3.high","3.high"
"Gibraltarbuurt","E West",2017,49,0,17,11,1,1113,467,721,215904,29200,0.27,4187,548,"1.low","2.high","2.high","2.average","2.average","2.average"
"Erasmusparkbuurt West","E West",2017,70,0,32,10,2,252,1142,742,230535,36600,0.26,4000,246,"1.low","1.low","2.high","2.average","2.average","3.high"
"Kolenkitbuurt Noord","E West",2017,18,0,3,6,2,1231,170,30,197409,28800,0.25,3870,542,"2.high","1.low","2.high","1.low","1.low","1.low"
"Trompbuurt","E West",2017,49,3,25,11,2,282,545,752,296818,38000,0.3,3285,199,"1.low","1.low","2.high","1.low","2.average","2.average"
"John Franklinbuurt","E West",2017,10,2,8,7,1,505,222,398,232988,29400,0.27,1932,259,"1.low","1.low","2.high","1.low","2.average","2.average"
"Balboaplein e.o.","E West",2017,26,2,27,15,1,565,363,734,236497,32600,0.28,3161,330,"1.low","1.low","2.high","1.low","2.average","2.average"
"Columbusplein e.o.","E West",2017,37,0,26,10,1,1092,327,519,228264,30300,0.28,3601,469,"1.low","1.low","2.high","2.average","2.average","2.average"
"Postjeskade e.o.","E West",2017,39,3,22,7,1,315,468,874,287700,38700,0.29,3060,223,"1.low","1.low","2.high","3.high","3.high","3.high"
"Kortenaerkwartier","E West",2017,25,0,23,11,2,350,314,379,306838,37000,0.3,2207,186,"1.low","1.low","1.low","2.average","1.low","2.average"
"Filips van Almondekwartier","E West",2017,12,0,6,1,1,163,234,178,281031,37800,0.31,1130,92,"2.high","1.low","2.high","2.average","3.high","2.average"
"Buurt 3","F Nieuw-West",2017,21,1,12,16,3,1796,767,257,157900,30300,0.28,6019,714,"1.low","1.low","2.high","2.average","2.average","2.average"
"Slotermeer Zuid","F Nieuw-West",2017,7,0,11,9,1,1597,227,45,128808,24900,0.23,3409,507,"1.low","1.low","2.high","1.low","2.average","2.average"
"Buurt 4 Oost","F Nieuw-West",2017,8,0,14,14,2,759,547,187,174645,32900,0.26,3621,328,"2.high","1.low","1.low","1.low","2.average","1.low"
"Buurt 6","F Nieuw-West",2017,4,2,6,10,1,1235,36,12,154092,29400,0.23,3115,363,"1.low","1.low","2.high","1.low","2.average","1.low"
"Buurt 7","F Nieuw-West",2017,3,1,7,7,1,479,254,130,220317,36600,0.25,2434,138,"2.high","2.high","2.high","2.average","2.average","1.low"
"Buurt 8","F Nieuw-West",2017,15,1,17,17,1,1030,458,147,179206,32200,0.28,4049,369,"1.low","1.low","2.high","1.low","2.average","2.average"
"Buurt 9","F Nieuw-West",2017,6,1,8,16,1,1366,354,495,194126,31900,0.26,5886,602,"2.high","1.low","2.high","1.low","2.average","2.average"
"Wildeman","F Nieuw-West",2017,5,1,8,7,1,2105,239,84,137068,25700,0.2,4966,701,"1.low","1.low","2.high","1.low","2.average","1.low"
"Osdorp Zuidoost","F Nieuw-West",2017,8,0,33,9,2,998,752,156,188665,33100,0.26,3923,231,"2.high","1.low","2.high","2.average","2.average","2.average"
"Osdorp Midden Noord","F Nieuw-West",2017,2,0,3,10,2,1286,77,41,163395,28200,0.22,3271,353,"2.high","1.low","2.high","1.low","1.low","1.low"
"Zuidwestkwadrant Osdorp Noord","F Nieuw-West",2017,3,0,14,16,2,883,336,80,200972,32600,0.26,3131,243,"2.high","1.low","2.high","1.low","2.average","2.average"
"Zuidwestkwadrant Osdorp Zuid","F Nieuw-West",2017,11,2,23,20,1,801,1140,558,222466,38100,0.28,6218,470,"2.high","1.low","2.high","1.low","2.average","2.average"
"De Punt","F Nieuw-West",2017,9,1,6,16,2,1061,1009,525,166983,32300,0.24,5916,474,"2.high","1.low","2.high","2.average","2.average","1.low"
"De Aker Oost","F Nieuw-West",2017,13,2,37,12,2,466,1449,148,338747,52900,0.29,6051,322,"2.high","2.high","2.high","2.average","2.average","2.average"
"Emanuel van Meterenbuurt","F Nieuw-West",2017,11,1,14,12,1,181,319,422,217675,36800,0.29,2167,162,"2.high","2.high","2.high","2.average","2.average","2.average"
"Jacob Geelbuurt","F Nieuw-West",2017,10,0,8,10,2,877,105,383,165277,27700,0.22,3229,401,"1.low","1.low","2.high","1.low","2.average","1.low"
"Overtoomse Veld Noord","F Nieuw-West",2017,13,3,27,10,1,1372,469,396,209612,35900,0.28,6057,683,"2.high","2.high","2.high","1.low","2.average","1.low"
"Overtoomse Veld Zuid","F Nieuw-West",2017,11,2,19,18,1,622,326,315,202243,34000,0.25,2968,287,"2.high","1.low","2.high","1.low","1.low","1.low"
"Rembrandtpark Zuid","F Nieuw-West",2017,6,0,9,2,1,0,196,257,242977,42400,0.27,818,33,"1.low","1.low","2.high","2.average","3.high","3.high"
"Delflandpleinbuurt West","F Nieuw-West",2017,19,0,15,16,1,665,327,565,185604,32400,0.28,3083,299,"2.high","1.low","2.high","2.average","2.average","2.average"
"Nieuw Sloten Noordwest","F Nieuw-West",2017,5,1,20,13,1,411,579,229,278262,47000,0.25,3164,211,"2.high","2.high","2.high","2.average","3.high","2.average"
"Nieuw Sloten Noordoost","F Nieuw-West",2017,12,2,17,3,1,448,443,452,286619,44000,0.26,3148,179,"2.high","2.high","2.high","2.average","2.average","2.average"
"Nieuw Sloten Zuidoost","F Nieuw-West",2017,2,1,20,12,1,0,166,703,282866,44000,0.27,2154,120,"2.high","1.low","2.high","2.average","2.average","2.average"
"Louis Chrispijnbuurt","F Nieuw-West",2017,5,0,23,7,1,959,332,155,204084,30900,0.25,3162,258,"2.high","2.high","2.high","2.average","2.average","2.average"
"Staalmanbuurt","F Nieuw-West",2017,10,0,11,9,1,834,187,37,235325,35800,0.28,2782,284,"2.high","1.low","2.high","1.low","2.average","2.average"
"Hemonybuurt","K Zuid",2017,28,1,27,7,1,317,546,576,381259,43600,0.34,2574,166,"2.high","1.low","2.high","1.low","1.low","2.average"
"Sarphatiparkbuurt","K Zuid",2017,66,1,44,14,1,675,954,1583,307824,36300,0.34,5039,308,"1.low","1.low","1.low","1.low","2.average","2.average"
"Van der Helstpleinbuurt","K Zuid",2017,47,2,32,10,2,693,806,842,315428,39600,0.34,3815,300,"1.low","1.low","2.high","1.low","2.average","2.average"
"Burgemeester Tellegenbuurt West","K Zuid",2017,22,0,11,7,1,1044,185,89,295633,30000,0.28,2267,280,"1.low","2.high","2.high","2.average","2.average","2.average"
"Westlandgrachtbuurt","K Zuid",2017,33,3,47,14,2,343,731,943,296907,42600,0.31,3619,230,"2.high","1.low","2.high","2.average","3.high","2.average"
"Valeriusbuurt West","K Zuid",2017,23,2,34,3,1,211,575,448,638826,72300,0.45,2533,91,"2.high","2.high","2.high","2.average","3.high","2.average"
"Hondecoeterbuurt","K Zuid",2017,15,2,31,10,1,74,383,568,690601,79600,0.49,2090,86,"2.high","2.high","2.high","2.average","2.average","2.average"
"Marathonbuurt Oost","K Zuid",2017,10,2,25,5,1,700,99,77,338971,34000,0.32,1499,160,"1.low","2.high","2.high","2.average","2.average","3.high"
"Marathonbuurt West","K Zuid",2017,14,1,23,11,1,1202,220,99,269889,29000,0.29,2418,315,"2.high","2.high","2.high","2.average","2.average","2.average"
"Van Tuyllbuurt","K Zuid",2017,35,2,39,10,1,405,694,1202,349635,43500,0.33,4104,249,"1.low","2.high","2.high","2.average","2.average","3.high"
"Minervabuurt Midden","K Zuid",2017,15,0,32,3,1,0,585,517,750116,87000,0.45,2475,34,"2.high","2.high","2.high","2.average","3.high","3.high"
"Scheldebuurt West","K Zuid",2017,30,2,45,12,2,461,608,1139,406874,45500,0.34,4437,200,"2.high","2.high","2.high","2.average","3.high","2.average"
"Scheldebuurt Midden","K Zuid",2017,15,1,34,12,1,174,591,777,429198,48300,0.33,3242,99,"1.low","2.high","2.high","2.average","3.high","3.high"
"Scheldebuurt Oost","K Zuid",2017,21,1,35,7,1,150,410,608,378506,48700,0.33,2397,130,"2.high","2.high","2.high","2.average","3.high","3.high"
"Kromme Mijdrechtbuurt","K Zuid",2017,27,3,27,9,1,712,268,467,296895,34200,0.32,2522,284,"1.low","2.high","2.high","2.average","2.average","2.average"
"Gelderlandpleinbuurt","K Zuid",2017,11,3,30,16,1,799,914,930,268157,44400,0.38,4452,206,"2.high","2.high","2.high","2.average","3.high","2.average"
"Buitenveldert Midden Zuid","K Zuid",2017,14,1,39,13,3,393,1044,582,262371,40600,0.29,3606,174,"2.high","2.high","2.high","2.average","3.high","3.high"
"Buitenveldert Zuidwest","K Zuid",2017,7,4,62,16,1,664,900,747,304084,44500,0.35,3961,187,"2.high","2.high","2.high","3.high","3.high","3.high"
"Buitenveldert Zuidoost","K Zuid",2017,8,4,27,6,1,339,964,896,280583,46400,0.38,3879,150,"2.high","2.high","2.high","3.high","3.high","2.average"
"Weesperzijde Midden/Zuid","M Oost",2017,37,3,25,8,1,442,645,505,369818,45100,0.35,2995,202,"2.high","1.low","1.low","2.average","2.average","2.average"
"Oosterparkbuurt Noordwest","M Oost",2017,32,1,47,21,1,1352,599,306,289646,34200,0.3,3941,375,"2.high","2.high","2.high","2.average","3.high","3.high"
"Oosterparkbuurt Zuidoost","M Oost",2017,37,0,47,17,2,886,663,467,327093,39000,0.33,3747,322,"2.high","1.low","1.low","2.average","2.average","2.average"
"Dapperbuurt Zuid","M Oost",2017,32,0,45,17,1,1243,444,324,282507,33300,0.3,3710,409,"1.low","1.low","2.high","2.average","2.average","2.average"
"Oostpoort","M Oost",2017,11,2,8,10,1,317,192,359,335533,41300,0.32,1725,207,"2.high","2.high","2.high","2.average","2.average","2.average"
"Transvaalbuurt West","M Oost",2017,33,1,21,11,1,1375,561,212,261908,31800,0.28,4116,474,"1.low","1.low","2.high","2.average","2.average","2.average"
"Transvaalbuurt Oost","M Oost",2017,47,0,29,15,1,1532,536,478,301308,33200,0.29,5297,605,"2.high","1.low","2.high","2.average","2.average","2.average"
"Noordwestkwadrant Indische Buurt Noord","M Oost",2017,37,3,27,9,1,1099,858,367,251340,34300,0.3,3844,352,"2.high","1.low","2.high","2.average","2.average","2.average"
"Zuidwestkwadrant Indische Buurt","M Oost",2017,28,1,23,10,1,1482,333,100,253831,29900,0.26,4129,537,"2.high","2.high","2.high","1.low","2.average","2.average"
"Noordoostkwadrant Indische Buurt","M Oost",2017,37,3,30,15,2,2099,617,321,244076,30100,0.26,6034,803,"2.high","1.low","2.high","2.average","2.average","2.average"
"Zuidoostkwadrant Indische Buurt","M Oost",2017,30,0,12,11,1,1219,393,179,248995,31700,0.28,3746,467,"2.high","1.low","2.high","1.low","2.average","2.average"
"Rietlanden","M Oost",2017,13,4,28,5,1,432,475,312,380804,50700,0.32,2503,152,"2.high","2.high","2.high","3.high","2.average","3.high"
"Java-eiland","M Oost",2017,28,2,20,12,1,307,515,749,419413,52100,0.31,3216,131,"2.high","2.high","2.high","3.high","3.high","3.high"
"Sporenburg","M Oost",2017,18,1,12,5,1,388,551,47,432121,60000,0.29,2657,137,"2.high","2.high","2.high","3.high","3.high","3.high"
"Borneo","M Oost",2017,41,1,27,10,1,296,398,412,445587,54200,0.3,2891,141,"2.high","2.high","2.high","3.high","2.average","2.average"
"RI Oost terrein","M Oost",2017,27,0,5,1,1,33,109,730,182126,39400,0.32,1232,47,"2.high","2.high","2.high","1.low","1.low","1.low"
"Steigereiland Noord","M Oost",2017,12,0,9,5,1,194,208,192,293429,51800,0.33,1481,83,"2.high","2.high","2.high","1.low","1.low","1.low"
"Steigereiland Zuid","M Oost",2017,6,1,29,16,1,345,493,74,412901,57300,0.31,2616,163,"2.high","2.high","2.high","3.high","2.average","2.average"
"Haveneiland Zuidwest/Rieteiland West","M Oost",2017,15,0,20,7,1,119,588,258,556709,76900,0.32,2877,95,"2.high","2.high","2.high","3.high","3.high","3.high"
"Haveneiland Noordwest","M Oost",2017,14,1,25,10,1,418,385,305,315270,46700,0.31,2478,165,"2.high","1.low","2.high","2.average","2.average","2.average"
"Haveneiland Noordoost","M Oost",2017,21,2,40,23,1,821,926,178,300283,48300,0.3,5079,340,"2.high","1.low","2.high","2.average","2.average","2.average"
"Haveneiland Oost","M Oost",2017,42,1,23,22,2,818,907,267,375189,56800,0.31,5684,330,"2.high","2.high","2.high","2.average","3.high","3.high"
"Haveneiland Noord","M Oost",2017,9,1,6,5,2,360,227,174,258637,39100,0.28,1817,166,"2.high","2.high","2.high","2.average","2.average","2.average"
"Tuindorp Frankendael","M Oost",2017,16,0,17,17,1,989,189,398,261382,32100,0.31,2470,240,"2.high","2.high","2.high","2.average","3.high","2.average"
"Linnaeusparkbuurt","M Oost",2017,26,2,38,8,2,242,565,464,444736,55400,0.36,2570,83,"2.high","2.high","2.high","3.high","3.high","3.high"
"Middenmeer Noord","M Oost",2017,24,1,32,4,2,255,496,446,458052,53300,0.32,3026,116,"2.high","2.high","2.high","3.high","3.high","2.average"
"Amstelkwartier Noord","M Oost",2017,7,0,9,3,1,106,196,705,228134,43500,0.36,1382,55,"2.high","1.low","2.high","2.average","3.high","2.average"
"Van der Pekbuurt","N Noord",2017,41,0,26,13,2,2132,182,181,181484,27100,0.25,4869,769,"1.low","1.low","2.high","1.low","2.average","2.average"
"Bloemenbuurt Zuid","N Noord",2017,14,1,11,11,1,1010,80,93,193733,28100,0.23,2476,347,"1.low","1.low","2.high","1.low","2.average","2.average"
"IJplein e.o.","N Noord",2017,18,0,8,5,1,1062,306,59,193976,27900,0.23,2520,370,"1.low","1.low","2.high","1.low","2.average","2.average"
"Vogelbuurt Zuid","N Noord",2017,48,1,18,14,2,1453,396,141,199227,29400,0.26,4339,558,"2.high","1.low","2.high","1.low","2.average","2.average"
"Tuindorp Oostzaan Oost","N Noord",2017,24,2,25,13,1,1370,458,163,190243,32600,0.21,4201,389,"2.high","2.high","2.high","2.average","2.average","1.low"
"De Bongerd","N Noord",2017,6,0,3,5,1,163,317,77,331688,50900,0.25,1995,116,"1.low","1.low","2.high","2.average","2.average","2.average"
"Molenwijk","N Noord",2017,4,0,7,5,2,1167,208,42,156952,28400,0.21,3092,361,"2.high","1.low","2.high","1.low","2.average","2.average"
"Kadoelen","N Noord",2017,11,3,14,8,1,209,457,111,332433,52500,0.31,1943,94,"2.high","1.low","2.high","2.average","2.average","1.low"
"Werengouw Midden","N Noord",2017,15,0,21,16,1,1384,590,381,169965,29700,0.23,4990,530,"1.low","1.low","2.high","1.low","2.average","2.average"
"Markengouw Midden","N Noord",2017,5,0,6,13,2,959,225,116,214338,34800,0.25,3728,390,"1.low","1.low","2.high","1.low","1.low","1.low"
"Markengouw Zuid","N Noord",2017,2,0,2,8,1,476,118,56,187059,35200,0.29,1882,159,"1.low","2.high","2.high","1.low","1.low","1.low"
"Plan van Gool","N Noord",2017,7,0,5,15,3,973,277,151,179759,30700,0.24,3070,401,"1.low","1.low","2.high","1.low","1.low","2.average"
"De Kleine Wereld","N Noord",2017,1,0,3,9,3,986,140,25,160333,28300,0.22,2848,398,"1.low","1.low","2.high","1.low","2.average","1.low"
"Banne Zuidoost","N Noord",2017,11,2,19,10,1,990,508,221,200240,33600,0.26,3586,385,"2.high","1.low","2.high","1.low","2.average","1.low"
"Banne Noordwest","N Noord",2017,5,0,2,12,3,849,234,38,161364,29600,0.21,2641,326,"2.high","2.high","2.high","1.low","2.average","2.average"
"Elzenhagen Noord","N Noord",2017,11,1,6,2,1,125,461,143,331050,54300,0.25,2186,86,"2.high","2.high","2.high","2.average","2.average","2.average"
"Venserpolder West","T Zuidoost",2017,9,0,7,26,1,1966,664,187,153254,25900,0.24,5217,808,"1.low","1.low","2.high","1.low","2.average","1.low"
"D-buurt","T Zuidoost",2017,4,0,6,13,1,401,29,1251,64237,20400,0.22,2063,116,"1.low","1.low","2.high","2.average","2.average","2.average"
"F-buurt","T Zuidoost",2017,12,0,25,35,1,579,579,165,199748,36800,0.26,3826,358,"2.high","1.low","2.high","1.low","2.average","2.average"
"E-buurt","T Zuidoost",2017,3,0,7,17,3,195,241,198,234390,42500,0.27,2012,122,"2.high","2.high","2.high","2.average","2.average","2.average"
"Kortvoort","T Zuidoost",2017,8,0,6,20,3,1168,170,38,113826,23600,0.21,2668,467,"2.high","2.high","2.high","2.average","2.average","2.average"
"G-buurt Oost","T Zuidoost",2017,10,2,13,11,2,349,1191,181,178484,37100,0.28,3142,207,"2.high","2.high","2.high","3.high","3.high","2.average"
"Kantershof","T Zuidoost",2017,1,1,8,12,2,396,535,125,158632,29900,0.25,2196,216,"2.high","1.low","2.high","2.average","3.high","2.average"
"L-buurt","T Zuidoost",2017,7,0,15,22,1,337,698,618,136887,34100,0.24,2921,183,"1.low","2.high","2.high","3.high","3.high","3.high"
"Holendrecht Noordwest","T Zuidoost",2017,4,1,7,20,3,1384,0,0,122239,24800,0.18,2923,511,"1.low","1.low","2.high","2.average","2.average","2.average"
"Holendrecht Oost","T Zuidoost",2017,9,0,4,11,1,306,520,242,205035,41200,0.23,2493,168,"2.high","2.high","2.high","2.average","3.high","2.average"
"Gaasperdam Zuid","T Zuidoost",2017,9,1,6,18,2,498,297,56,129886,28200,0.23,1512,195,"2.high","1.low","2.high","3.high","3.high","2.average"
"Gein Noordwest","T Zuidoost",2017,7,2,8,26,2,1055,319,192,135958,27500,0.23,3016,442,"1.low","1.low","2.high","2.average","2.average","2.average"
"Gein Noordoost","T Zuidoost",2017,3,0,9,14,1,0,1199,62,230662,50200,0.21,3406,178,"2.high","2.high","2.high","2.average","2.average","2.average"
"Dorp Driemond","T Zuidoost",2017,1,1,5,3,2,245,304,63,243726,45500,0.25,1457,81,"2.high","2.high","2.high","1.low","2.average","2.average"
"Burgwallen Oost","A Centrum",2015,18,2,15,6,0,78,182,721,267918,30700,0.36,1571,68,"1.low","1.low","1.low","2.average","1.low","1.low"
"Langestraat e.o.","A Centrum",2015,28,0,21,6,1,81,544,537,494103,61100,0.43,1827,44,"2.high","1.low","2.high","3.high","2.average","3.high"
"Leliegracht e.o.","A Centrum",2015,21,0,39,3,0,233,446,558,514701,69400,0.54,1785,51,"2.high","1.low","1.low","2.average","2.average","2.average"
"Felix Meritisbuurt","A Centrum",2015,33,2,24,10,0,115,563,751,481035,64500,0.51,2142,62,"2.high","1.low","1.low","3.high","2.average","1.low"
"Amstelveldbuurt","A Centrum",2015,11,1,30,2,0,81,399,435,498200,87400,0.63,1524,76,"2.high","1.low","1.low","3.high","3.high","2.average"
"Lastage","A Centrum",2015,18,0,14,4,1,167,185,297,291416,36800,0.34,1069,60,"1.low","1.low","1.low","1.low","1.low","2.average"
"Nieuwmarkt","A Centrum",2015,18,0,18,8,0,764,158,155,267708,30300,0.33,1642,156,"2.high","1.low","1.low","2.average","2.average","2.average"
"Westerdokseiland","A Centrum",2015,13,1,18,5,0,270,385,326,385352,55800,0.4,1976,121,"2.high","2.high","2.high","2.average","2.average","2.average"
"Haarlemmerbuurt Oost","A Centrum",2015,29,2,20,3,0,356,234,446,305065,40200,0.39,1522,90,"1.low","1.low","1.low","3.high","2.average","2.average"
"Haarlemmerbuurt West","A Centrum",2015,33,0,22,6,0,697,345,480,286195,37300,0.37,2474,213,"2.high","1.low","1.low","2.average","2.average","2.average"
"Westelijke Eilanden","A Centrum",2015,28,1,21,8,1,919,509,232,317841,41100,0.4,2817,199,"2.high","2.high","2.high","3.high","2.average","3.high"
"Driehoekbuurt","A Centrum",2015,48,3,27,8,0,756,508,602,257615,34100,0.35,2776,238,"2.high","1.low","2.high","3.high","2.average","2.average"
"Bloemgrachtbuurt","A Centrum",2015,30,1,24,1,0,439,608,862,330551,41900,0.42,2981,192,"2.high","1.low","1.low","3.high","2.average","2.average"
"Marnixbuurt Noord","A Centrum",2015,19,0,11,2,0,516,169,271,249579,30800,0.31,1488,143,"2.high","1.low","2.high","3.high","2.average","2.average"
"Elandsgrachtbuurt","A Centrum",2015,50,7,35,11,1,1008,722,1180,290125,36100,0.39,4276,318,"2.high","1.low","1.low","2.average","2.average","2.average"
"Anjeliersbuurt Noord","A Centrum",2015,29,1,33,7,0,435,390,514,315274,41300,0.4,2165,157,"2.high","1.low","1.low","3.high","2.average","3.high"
"Anjeliersbuurt Zuid","A Centrum",2015,45,0,25,4,2,1001,505,485,282555,33600,0.34,2928,267,"2.high","1.low","1.low","3.high","2.average","2.average"
"Weteringbuurt","A Centrum",2015,22,3,40,6,1,131,600,775,340502,47000,0.41,2417,120,"2.high","1.low","1.low","3.high","2.average","2.average"
"Den Texbuurt","A Centrum",2015,9,0,21,4,0,112,216,206,454932,47600,0.34,1076,39,"2.high","2.high","2.high","3.high","2.average","3.high"
"Utrechtsebuurt Zuid","A Centrum",2015,10,1,11,1,0,129,307,346,364014,43700,0.37,1186,64,"2.high","1.low","1.low","3.high","2.average","2.average"
"Frederikspleinbuurt","A Centrum",2015,5,1,20,2,1,110,235,195,434319,57900,0.42,966,40,"2.high","1.low","2.high","2.average","2.average","2.average"
"Weesperbuurt","A Centrum",2015,32,0,36,10,1,762,496,649,297239,35900,0.38,3263,251,"2.high","2.high","2.high","2.average","2.average","1.low"
"Sarphatistrook","A Centrum",2015,18,2,23,5,0,497,311,328,313931,36600,0.4,2068,285,"2.high","1.low","2.high","2.average","2.average","2.average"
"de Plantage","A Centrum",2015,23,0,22,14,0,226,475,367,376731,49800,0.39,2117,97,"2.high","2.high","2.high","2.average","3.high","2.average"
"Kattenburg","A Centrum",2015,9,0,2,3,0,840,131,45,240735,31200,0.25,1705,124,"2.high","2.high","2.high","2.average","3.high","3.high"
"Wittenburg","A Centrum",2015,34,0,11,11,1,828,368,105,239770,32900,0.29,2225,270,"2.high","2.high","2.high","2.average","3.high","3.high"
"Oostenburg","A Centrum",2015,12,2,8,8,0,570,192,68,214391,30800,0.28,1553,220,"2.high","2.high","2.high","2.average","2.average","2.average"
"Czaar Peterbuurt","A Centrum",2015,15,2,20,7,1,867,211,263,196464,30100,0.31,2033,248,"1.low","1.low","2.high","2.average","2.average","2.average"
"Het Funen","A Centrum",2015,6,0,10,2,0,177,334,52,363296,49900,0.3,1393,77,"2.high","2.high","2.high","2.average","2.average","3.high"
"Kadijken","A Centrum",2015,43,0,33,3,0,885,495,267,289738,40900,0.37,2799,226,"2.high","2.high","2.high","3.high","2.average","3.high"
"Zeeheldenbuurt","E West",2015,23,0,14,13,1,598,262,163,223091,30700,0.3,1987,254,"2.high","2.high","2.high","2.average","2.average","3.high"
"Spaarndammerbuurt Noordoost","E West",2015,22,0,5,5,0,1262,291,89,212855,27600,0.27,2762,435,"1.low","1.low","2.high","1.low","2.average","2.average"
"Spaarndammerbuurt Zuidwest","E West",2015,18,0,16,5,1,498,253,196,194681,30300,0.27,1750,149,"1.low","1.low","2.high","2.average","3.high","3.high"
"Spaarndammerbuurt Midden","E West",2015,19,0,6,8,0,440,156,133,204367,29600,0.28,1275,148,"2.high","1.low","2.high","2.average","2.average","2.average"
"Spaarndammerbuurt Noordwest","E West",2015,18,1,9,4,0,959,105,13,213469,30800,0.27,1951,280,"1.low","2.high","2.high","2.average","2.average","2.average"
"De Wittenbuurt Noord","E West",2015,32,1,11,5,0,388,198,246,244963,35300,0.33,1379,110,"1.low","1.low","2.high","1.low","2.average","2.average"
"Staatsliedenbuurt Noordoost","E West",2015,9,1,5,3,1,588,127,28,198889,28100,0.27,1236,144,"1.low","2.high","2.high","2.average","2.average","2.average"
"Fannius Scholtenbuurt","E West",2015,35,1,31,11,1,1277,707,361,202993,30800,0.29,3639,405,"1.low","1.low","2.high","2.average","2.average","2.average"
"Westerstaatsman","E West",2015,36,3,26,8,0,657,649,440,198894,32600,0.29,2849,267,"2.high","2.high","2.high","2.average","3.high","3.high"
"Buyskade e.o.","E West",2015,31,5,29,6,0,583,557,463,268667,39200,0.3,3063,235,"2.high","2.high","2.high","2.average","2.average","2.average"
"Ecowijk","E West",2015,9,0,2,4,0,273,295,33,293375,43000,0.26,1392,113,"2.high","1.low","2.high","3.high","3.high","3.high"
"Frederik Hendrikbuurt Noord","E West",2015,43,4,38,6,0,771,625,852,224959,34100,0.32,3826,351,"1.low","2.high","2.high","2.average","2.average","3.high"
"Frederik Hendrikbuurt Zuidoost","E West",2015,35,0,28,11,1,875,557,603,217758,32300,0.32,3285,328,"1.low","2.high","2.high","2.average","2.average","2.average"
"Frederik Hendrikbuurt Zuidwest","E West",2015,13,0,5,2,0,325,261,174,280471,40600,0.32,1266,96,"2.high","2.high","2.high","2.average","2.average","2.average"
"Da Costabuurt Noord","E West",2015,58,3,63,12,1,618,847,1169,266965,36700,0.32,4661,326,"2.high","2.high","2.high","2.average","2.average","3.high"
"Bellamybuurt Noord","E West",2015,25,0,21,12,0,487,303,569,241844,25700,0.38,2985,756,"1.low","1.low","1.low","1.low","2.average","2.average"
"Bellamybuurt Zuid","E West",2015,37,2,11,10,2,889,520,639,212731,31300,0.31,3223,275,"1.low","2.high","2.high","1.low","2.average","2.average"
"Da Costabuurt Zuid","E West",2015,28,0,11,4,1,356,480,639,229441,33800,0.32,2281,169,"2.high","1.low","2.high","2.average","2.average","2.average"
"Borgerbuurt","E West",2015,16,1,10,11,1,1422,244,82,197588,26200,0.26,2910,377,"2.high","1.low","2.high","1.low","2.average","2.average"
"Lootsbuurt","E West",2015,18,1,20,7,0,694,264,271,207369,30100,0.31,1940,235,"1.low","2.high","1.low","2.average","2.average","2.average"
"Helmersbuurt Oost","E West",2015,18,2,37,7,0,59,524,780,348789,46900,0.35,2684,119,"1.low","1.low","1.low","2.average","2.average","2.average"
"WG-terrein","E West",2015,38,2,59,15,0,839,390,276,317862,38700,0.35,2561,167,"2.high","2.high","2.high","2.average","2.average","2.average"
"Cremerbuurt Oost","E West",2015,33,0,21,3,0,225,520,590,261703,40800,0.34,2282,154,"2.high","2.high","2.high","2.average","2.average","3.high"
"Cremerbuurt West","E West",2015,67,0,56,13,1,679,1121,1463,251444,38700,0.34,5575,380,"2.high","2.high","2.high","2.average","2.average","2.average"
"Vondelparkbuurt West","E West",2015,21,1,12,11,0,220,464,440,327630,46100,0.36,2172,73,"1.low","1.low","2.high","2.average","3.high","3.high"
"Bosleeuw","E West",2015,38,2,22,18,2,1236,717,515,174133,30300,0.28,5594,611,"1.low","1.low","2.high","1.low","2.average","2.average"
"Landlust Zuid","E West",2015,38,1,16,9,1,1119,559,573,179682,30400,0.28,4165,445,"1.low","1.low","2.high","2.average","2.average","2.average"
"Erasmusparkbuurt Oost","E West",2015,15,2,12,3,0,260,321,285,224666,35900,0.29,1993,154,"1.low","1.low","2.high","2.average","2.average","2.average"
"Gibraltarbuurt","E West",2015,33,0,11,13,1,1171,423,706,161856,27500,0.26,4166,561,"1.low","1.low","2.high","2.average","2.average","2.average"
"Landlust Noord","E West",2015,17,0,9,7,0,650,289,278,170986,28800,0.27,2521,231,"2.high","1.low","2.high","2.average","2.average","2.average"
"Erasmusparkbuurt West","E West",2015,63,0,33,8,1,260,1059,817,169489,33800,0.25,4102,252,"2.high","1.low","2.high","2.average","2.average","2.average"
"Robert Scottbuurt Oost","E West",2015,15,0,5,3,1,274,252,388,176290,31800,0.27,1796,168,"1.low","1.low","2.high","1.low","2.average","1.low"
"Robert Scottbuurt West","E West",2015,5,1,7,2,0,688,255,105,134498,27200,0.26,1764,146,"2.high","2.high","2.high","2.average","2.average","2.average"
"Laan van Spartaan","E West",2015,0,1,6,5,0,508,120,41,204710,33300,0.28,1357,105,"2.high","2.high","2.high","1.low","2.average","2.average"
"Kolenkitbuurt Zuid","E West",2015,5,1,5,6,0,734,163,176,253309,31300,0.27,2115,161,"2.high","2.high","2.high","2.average","2.average","2.average"
"Kolenkitbuurt Noord","E West",2015,16,0,2,9,2,1261,170,27,160740,26300,0.24,3984,568,"1.low","1.low","2.high","1.low","1.low","1.low"
"Geuzenhofbuurt","E West",2015,16,1,12,0,0,38,626,418,186737,35700,0.28,1677,78,"1.low","2.high","2.high","3.high","3.high","3.high"
"Trompbuurt","E West",2015,50,2,23,13,2,280,495,800,222002,35800,0.3,3202,211,"1.low","1.low","2.high","1.low","2.average","2.average"
"Pieter van der Doesbuurt","E West",2015,33,0,21,5,0,430,176,382,203582,32000,0.29,1872,163,"1.low","1.low","2.high","2.average","2.average","2.average"
"John Franklinbuurt","E West",2015,14,3,8,6,1,517,201,404,177449,27400,0.27,1950,254,"1.low","1.low","2.high","1.low","2.average","2.average"
"Jan Maijenbuurt","E West",2015,14,0,12,3,0,725,297,293,174127,27500,0.28,2299,315,"1.low","1.low","2.high","1.low","2.average","2.average"
"Orteliusbuurt Noord","E West",2015,5,0,6,1,0,407,233,134,171829,30100,0.27,1381,154,"1.low","2.high","2.high","2.average","2.average","2.average"
"Balboaplein e.o.","E West",2015,30,3,17,13,1,591,337,731,176741,29600,0.28,3170,333,"1.low","1.low","2.high","2.average","2.average","2.average"
"Columbusplein e.o.","E West",2015,31,0,22,10,1,1123,308,508,176991,27500,0.28,3549,461,"1.low","1.low","2.high","2.average","2.average","2.average"
"Orteliusbuurt Midden","E West",2015,19,0,11,4,0,409,337,360,177925,31300,0.28,1858,173,"2.high","2.high","2.high","2.average","3.high","2.average"
"Orteliusbuurt Zuid","E West",2015,14,2,6,3,0,219,301,471,177809,31000,0.29,1863,141,"2.high","2.high","2.high","2.average","2.average","2.average"
"Paramariboplein e.o.","E West",2015,32,2,30,14,0,352,654,949,224142,36900,0.3,3780,227,"2.high","1.low","2.high","2.average","2.average","2.average"
"Postjeskade e.o.","E West",2015,36,3,25,8,1,335,445,874,213851,36000,0.3,3013,220,"1.low","2.high","2.high","2.average","2.average","2.average"
"Kortenaerkwartier","E West",2015,27,0,24,11,2,349,290,396,231588,33400,0.3,2242,217,"2.high","1.low","2.high","1.low","1.low","2.average"
"Filips van Almondekwartier","E West",2015,11,0,8,2,1,138,208,224,212151,34500,0.31,1101,97,"1.low","1.low","2.high","2.average","2.average","2.average"
"De Wester Quartier","E West",2015,19,0,6,5,0,537,167,156,209312,31500,0.3,1836,205,"1.low","1.low","2.high","1.low","1.low","1.low"
"Van Brakelkwartier","E West",2015,8,0,6,1,0,265,81,128,192832,32100,0.28,1055,125,"1.low","2.high","2.high","2.average","2.average","3.high"
"Buurt 3","F Nieuw-West",2015,14,2,11,17,4,1833,784,196,143817,27700,0.26,6135,715,"1.low","1.low","2.high","1.low","1.low","1.low"
"Buurt 2","F Nieuw-West",2015,5,1,9,4,0,985,339,70,131812,28400,0.26,3334,441,"2.high","1.low","2.high","1.low","1.low","1.low"
"Slotermeer Zuid","F Nieuw-West",2015,6,0,13,5,2,1612,223,34,113465,23400,0.23,3399,475,"1.low","1.low","2.high","1.low","2.average","2.average"
"Noordoever Sloterplas","F Nieuw-West",2015,6,1,13,9,0,455,646,287,164789,34200,0.27,2800,223,"2.high","1.low","2.high","2.average","2.average","2.average"
"Buurt 4 Oost","F Nieuw-West",2015,9,0,13,11,2,773,564,157,156423,30400,0.25,3487,339,"1.low","1.low","2.high","1.low","2.average","2.average"
"Buurt 5  Noord","F Nieuw-West",2015,3,0,10,11,0,1262,106,42,125345,26500,0.22,3757,547,"1.low","1.low","2.high","1.low","1.low","1.low"
"Buurt 5 Zuid","F Nieuw-West",2015,6,2,8,4,0,1189,175,43,165837,27900,0.25,3572,475,"2.high","2.high","2.high","1.low","2.average","1.low"
"Buurt 6","F Nieuw-West",2015,3,2,6,7,1,1235,43,5,144705,26900,0.22,3196,424,"1.low","1.low","2.high","1.low","1.low","1.low"
"Buurt 7","F Nieuw-West",2015,2,1,5,6,1,496,261,39,193571,34500,0.25,2093,152,"2.high","2.high","2.high","2.average","2.average","2.average"
"Buurt 8","F Nieuw-West",2015,16,2,15,15,1,1031,427,177,178687,30500,0.26,3841,290,"1.low","1.low","2.high","1.low","1.low","1.low"
"Buurt 9","F Nieuw-West",2015,7,2,6,13,1,1398,361,456,172239,30400,0.24,5667,580,"1.low","1.low","2.high","1.low","2.average","1.low"
"Buurt 10","F Nieuw-West",2015,2,0,4,2,0,481,415,26,227705,39500,0.26,2300,159,"2.high","2.high","2.high","2.average","2.average","2.average"
"Wildeman","F Nieuw-West",2015,6,0,10,7,1,2124,229,75,119933,24800,0.2,4891,647,"2.high","1.low","2.high","1.low","2.average","1.low"
"Meer en Oever","F Nieuw-West",2015,6,2,16,10,0,447,722,372,229230,37200,0.27,3127,191,"2.high","2.high","2.high","2.average","2.average","2.average"
"Osdorpplein e.o.","F Nieuw-West",2015,11,1,15,3,0,835,374,287,165103,32000,0.27,2866,218,"2.high","1.low","2.high","1.low","1.low","1.low"
"Calandlaan/Lelylaan","F Nieuw-West",2015,1,2,0,2,0,510,136,16,169030,29500,0.25,1203,129,"1.low","1.low","2.high","2.average","2.average","2.average"
"Osdorp Zuidoost","F Nieuw-West",2015,9,1,32,10,2,1343,726,96,170785,32300,0.29,3669,218,"2.high","2.high","2.high","2.average","2.average","2.average"
"Osdorp Midden Noord","F Nieuw-West",2015,2,0,4,9,2,1300,75,11,145078,26400,0.21,3240,374,"2.high","2.high","2.high","1.low","2.average","1.low"
"Osdorp Midden Zuid","F Nieuw-West",2015,3,0,6,9,0,959,289,164,165680,29600,0.26,3318,373,"2.high","2.high","2.high","2.average","2.average","2.average"
"Zuidwestkwadrant Osdorp Noord","F Nieuw-West",2015,6,0,14,14,2,909,309,81,186984,30500,0.24,3132,264,"2.high","1.low","2.high","1.low","2.average","2.average"
"Zuidwestkwadrant Osdorp Zuid","F Nieuw-West",2015,12,2,18,22,1,957,1115,427,206445,35400,0.25,6053,443,"2.high","1.low","2.high","1.low","2.average","2.average"
"De Punt","F Nieuw-West",2015,9,1,8,13,2,1061,1007,405,153837,30300,0.23,5415,475,"1.low","2.high","2.high","2.average","2.average","2.average"
"Middelveldsche Akerpolder","F Nieuw-West",2015,5,1,9,16,0,770,347,452,220520,36200,0.24,3722,264,"2.high","1.low","2.high","2.average","2.average","2.average"
"De Aker West","F Nieuw-West",2015,8,0,13,4,0,379,1175,196,258974,46800,0.27,4627,217,"2.high","2.high","2.high","2.average","2.average","2.average"
"De Aker Oost","F Nieuw-West",2015,9,2,32,13,2,470,1468,120,299891,49300,0.29,6054,335,"2.high","1.low","2.high","2.average","2.average","2.average"
"Oostoever Sloterplas","F Nieuw-West",2015,5,0,7,4,0,327,690,50,252130,44300,0.26,2532,117,"2.high","2.high","2.high","2.average","2.average","2.average"
"Emanuel van Meterenbuurt","F Nieuw-West",2015,10,2,9,8,1,235,336,352,184212,34400,0.28,2157,144,"2.high","1.low","2.high","2.average","2.average","2.average"
"Jacob Geelbuurt","F Nieuw-West",2015,14,1,10,9,2,887,101,377,121291,26000,0.21,3296,408,"2.high","1.low","2.high","1.low","1.low","1.low"
"Overtoomse Veld Noord","F Nieuw-West",2015,7,3,16,13,1,1375,450,294,181281,32600,0.26,5651,652,"2.high","2.high","2.high","1.low","1.low","1.low"
"Overtoomse Veld Zuid","F Nieuw-West",2015,10,1,18,12,2,670,219,304,163708,29800,0.25,2830,265,"2.high","1.low","2.high","1.low","1.low","1.low"
"Koningin Wilhelminaplein","F Nieuw-West",2015,7,1,15,6,0,49,380,598,222046,43800,0.27,1885,72,"2.high","2.high","2.high","2.average","3.high","2.average"
"Andreasterrein","F Nieuw-West",2015,4,0,4,5,0,152,217,150,335854,54000,0.35,1286,101,"2.high","2.high","2.high","2.average","2.average","2.average"
"Delflandpleinbuurt West","F Nieuw-West",2015,12,0,12,14,1,741,265,529,146719,29700,0.27,2839,304,"2.high","1.low","2.high","2.average","2.average","2.average"
"Park Haagseweg","F Nieuw-West",2015,3,0,1,2,0,0,364,37,263817,52800,0.23,861,30,"2.high","2.high","2.high","3.high","3.high","3.high"
"Nieuw Sloten Noordwest","F Nieuw-West",2015,6,0,15,10,1,411,582,226,243440,44200,0.26,3161,204,"2.high","1.low","2.high","2.average","2.average","2.average"
"Nieuw Sloten Noordoost","F Nieuw-West",2015,10,2,19,2,1,448,457,405,248766,43100,0.25,3106,159,"2.high","2.high","2.high","2.average","2.average","2.average"
"BelgiÃ¯Â¿Â½plein e.o.","F Nieuw-West",2015,5,1,10,3,0,245,282,91,199556,33700,0.28,1058,55,"2.high","2.high","2.high","2.average","2.average","2.average"
"Nieuw Sloten Zuidwest","F Nieuw-West",2015,7,0,8,4,0,0,781,55,266522,54400,0.23,2401,83,"2.high","2.high","2.high","2.average","2.average","2.average"
"Dorp Sloten","F Nieuw-West",2015,4,2,1,6,1,25,173,79,264341,48600,0.31,698,42,"2.high","2.high","1.low","2.average","2.average","3.high"
"Louis Chrispijnbuurt","F Nieuw-West",2015,2,0,22,6,1,834,315,150,167178,30300,0.26,2832,285,"2.high","1.low","2.high","1.low","2.average","1.low"
"Jacques Veldmanbuurt","F Nieuw-West",2015,12,0,13,8,0,830,399,255,171646,32900,0.27,3080,249,"2.high","2.high","2.high","1.low","2.average","1.low"
"Staalmanbuurt","F Nieuw-West",2015,9,0,9,9,1,1122,131,78,194150,31200,0.26,2991,328,"2.high","1.low","2.high","1.low","2.average","2.average"
"Hemonybuurt","K Zuid",2015,29,0,21,7,1,318,482,622,297923,41000,0.36,2604,155,"2.high","2.high","2.high","1.low","1.low","2.average"
"Gerard Doubuurt","K Zuid",2015,17,0,17,5,0,496,351,418,258939,35300,0.37,1988,172,"1.low","1.low","1.low","2.average","2.average","2.average"
"Frans Halsbuurt","K Zuid",2015,33,2,19,5,0,398,476,791,269322,37900,0.38,2607,154,"1.low","1.low","1.low","1.low","1.low","1.low"
"Hercules Seghersbuurt","K Zuid",2015,24,1,10,3,0,650,280,716,226872,31300,0.33,2607,220,"1.low","1.low","2.high","1.low","2.average","2.average"
"Sarphatiparkbuurt","K Zuid",2015,58,0,34,13,1,686,814,1688,238278,33500,0.34,5171,338,"1.low","1.low","1.low","1.low","2.average","2.average"
"Willibrordusbuurt","K Zuid",2015,20,1,16,4,0,625,370,524,239348,31600,0.32,2449,217,"1.low","1.low","2.high","1.low","1.low","2.average"
"Van der Helstpleinbuurt","K Zuid",2015,53,3,28,10,2,693,701,918,247230,36400,0.34,3797,308,"1.low","1.low","2.high","2.average","2.average","2.average"
"Lizzy Ansinghbuurt","K Zuid",2015,23,3,15,12,0,574,327,478,233450,32500,0.31,2441,234,"1.low","1.low","2.high","1.low","2.average","2.average"
"Cornelis Troostbuurt","K Zuid",2015,28,1,32,12,0,519,676,922,230674,34800,0.32,3560,253,"2.high","1.low","1.low","2.average","2.average","2.average"
"Diamantbuurt","K Zuid",2015,28,1,14,6,0,1139,254,286,238738,29000,0.3,3128,416,"1.low","2.high","2.high","2.average","2.average","2.average"
"Burgemeester Tellegenbuurt Oost","K Zuid",2015,19,1,18,7,0,1109,226,235,221981,29900,0.29,2865,336,"1.low","1.low","2.high","2.average","2.average","2.average"
"Burgemeester Tellegenbuurt West","K Zuid",2015,17,0,8,7,1,1072,157,89,222994,27300,0.27,2244,278,"1.low","2.high","2.high","2.average","2.average","2.average"
"Surinamepleinbuurt","K Zuid",2015,19,0,16,1,0,88,298,412,270120,46900,0.36,1468,60,"2.high","2.high","2.high","2.average","2.average","2.average"
"Westlandgrachtbuurt","K Zuid",2015,28,1,47,11,2,383,663,945,224015,37800,0.3,3513,218,"2.high","2.high","2.high","2.average","2.average","2.average"
"Aalsmeerwegbuurt West","K Zuid",2015,20,0,28,1,0,137,666,658,206976,39400,0.3,2456,139,"1.low","2.high","2.high","2.average","2.average","2.average"
"Aalsmeerwegbuurt Oost","K Zuid",2015,18,3,27,7,0,239,498,510,236673,38300,0.3,2264,156,"1.low","2.high","2.high","1.low","2.average","2.average"
"Legmeerpleinbuurt","K Zuid",2015,18,0,15,7,0,76,300,543,254994,40300,0.32,1628,108,"2.high","1.low","2.high","2.average","2.average","2.average"
"Schinkelbuurt Noord","K Zuid",2015,32,2,32,8,0,332,500,564,253061,39400,0.34,2358,164,"2.high","2.high","2.high","1.low","2.average","2.average"
"Schinkelbuurt Zuid","K Zuid",2015,11,1,13,3,0,478,162,233,240815,30500,0.33,1443,167,"1.low","1.low","2.high","1.low","1.low","1.low"
"Valeriusbuurt Oost","K Zuid",2015,11,0,20,3,0,7,343,301,670034,117300,0.57,1447,34,"2.high","2.high","2.high","2.average","3.high","3.high"
"Valeriusbuurt West","K Zuid",2015,25,3,29,5,1,211,514,492,487295,63000,0.39,2648,115,"2.high","1.low","2.high","2.average","2.average","2.average"
"Willemsparkbuurt Noord","K Zuid",2015,10,2,27,7,0,47,331,350,762260,104100,0.58,1603,42,"2.high","2.high","1.low","1.low","3.high","3.high"
"Johannnes Vermeerbuurt","K Zuid",2015,17,3,17,3,0,26,342,371,607463,77200,0.45,1499,34,"2.high","1.low","2.high","1.low","1.low","1.low"
"Concertgebouwbuurt","K Zuid",2015,16,2,35,2,0,78,477,439,676846,81500,0.49,1908,43,"2.high","1.low","1.low","2.average","2.average","2.average"
"Cornelis Schuytbuurt","K Zuid",2015,17,2,61,11,0,38,748,649,729032,140700,0.68,2975,55,"2.high","2.high","2.high","2.average","2.average","2.average"
"Hondecoeterbuurt","K Zuid",2015,14,2,24,11,1,78,353,606,505156,73300,0.5,2102,95,"2.high","2.high","2.high","2.average","2.average","2.average"
"Harmoniehofbuurt","K Zuid",2015,16,0,17,2,0,0,0,883,340064,36800,0.26,1377,62,"2.high","2.high","2.high","3.high","3.high","3.high"
"Bertelmanpleinbuurt","K Zuid",2015,7,0,8,5,0,604,28,16,235083,29600,0.29,1108,113,"1.low","2.high","2.high","2.average","2.average","2.average"
"Marathonbuurt Oost","K Zuid",2015,11,2,13,4,1,725,89,59,250337,29500,0.26,1452,159,"1.low","2.high","2.high","2.average","2.average","3.high"
"Marathonbuurt West","K Zuid",2015,15,1,24,11,1,1260,210,51,206991,26500,0.27,2377,302,"2.high","2.high","2.high","2.average","2.average","2.average"
"Olympisch Stadion e.o.","K Zuid",2015,3,4,32,6,0,321,93,683,393836,59100,0.42,2180,115,"2.high","2.high","2.high","3.high","3.high","2.average"
"Van Tuyllbuurt","K Zuid",2015,29,1,45,10,1,413,619,1259,266621,40700,0.33,4077,208,"1.low","2.high","2.high","2.average","2.average","2.average"
"Minervabuurt Noord","K Zuid",2015,3,0,26,2,0,0,329,274,674294,78100,0.42,1403,33,"2.high","2.high","2.high","3.high","3.high","2.average"
"Minervabuurt Midden","K Zuid",2015,13,0,36,2,1,1,541,561,575793,78100,0.46,2525,45,"2.high","2.high","2.high","3.high","3.high","3.high"
"Minervabuurt Zuid","K Zuid",2015,9,0,42,1,0,0,574,679,475627,60600,0.35,2644,64,"2.high","2.high","2.high","3.high","3.high","3.high"
"Wielingenbuurt","K Zuid",2015,17,1,39,6,0,177,473,808,344430,54700,0.42,3025,122,"2.high","2.high","2.high","2.average","3.high","2.average"
"Scheldebuurt West","K Zuid",2015,26,2,49,10,2,484,537,1180,301703,42300,0.33,4436,214,"2.high","2.high","2.high","2.average","2.average","2.average"
"Scheldebuurt Midden","K Zuid",2015,15,1,30,11,1,181,546,817,315693,46500,0.31,3308,131,"2.high","2.high","2.high","2.average","3.high","3.high"
"Scheldebuurt Oost","K Zuid",2015,25,1,32,8,1,162,359,644,284852,43700,0.32,2362,118,"1.low","2.high","2.high","3.high","3.high","2.average"
"Veluwebuurt","K Zuid",2015,8,0,11,6,0,352,72,551,283260,33900,0.3,1487,108,"2.high","2.high","2.high","2.average","3.high","2.average"
"IJselbuurt West","K Zuid",2015,10,3,18,6,0,671,197,591,223364,30500,0.3,2287,265,"1.low","2.high","2.high","2.average","2.average","2.average"
"IJselbuurt Oost","K Zuid",2015,30,3,18,5,0,689,273,547,246252,34500,0.31,2924,247,"1.low","2.high","2.high","2.average","2.average","2.average"
"Kromme Mijdrechtbuurt","K Zuid",2015,21,3,30,12,1,745,224,476,224661,31400,0.31,2500,260,"1.low","2.high","2.high","2.average","2.average","2.average"
"Rijnbuurt Oost","K Zuid",2015,14,2,17,13,0,286,444,772,221018,35400,0.29,2738,186,"1.low","2.high","2.high","2.average","2.average","2.average"
"Rijnbuurt Midden","K Zuid",2015,21,1,15,4,0,159,238,829,242359,35700,0.3,2170,123,"1.low","2.high","2.high","2.average","2.average","2.average"
"Rijnbuurt West","K Zuid",2015,3,0,14,1,0,948,73,18,220122,24500,0.26,1602,274,"1.low","2.high","2.high","2.average","2.average","2.average"
"Prinses Irenebuurt","K Zuid",2015,6,1,12,3,0,0,522,173,506697,72100,0.41,1279,34,"2.high","2.high","2.high","3.high","3.high","2.average"
"Gelderlandpleinbuurt","K Zuid",2015,11,2,30,14,2,1014,796,767,220199,37800,0.35,4122,211,"2.high","2.high","2.high","2.average","3.high","2.average"
"Buitenveldert Midden Zuid","K Zuid",2015,17,1,36,13,3,415,976,627,216788,37400,0.28,3580,166,"2.high","2.high","2.high","3.high","3.high","3.high"
"Buitenveldert Zuidwest","K Zuid",2015,7,4,46,16,1,673,886,747,255952,40500,0.33,3895,198,"2.high","2.high","2.high","3.high","3.high","3.high"
"Buitenveldert Oost Midden","K Zuid",2015,15,1,24,4,0,944,396,601,202464,33000,0.3,3124,214,"2.high","2.high","2.high","3.high","3.high","3.high"
"Buitenveldert Zuidoost","K Zuid",2015,12,4,29,4,1,358,929,914,249786,43100,0.36,3814,152,"2.high","2.high","2.high","3.high","3.high","2.average"
"Swammerdambuurt","M Oost",2015,15,1,17,9,0,271,460,286,283806,46000,0.34,1900,98,"2.high","2.high","2.high","2.average","2.average","2.average"
"Weesperzijde Midden/Zuid","M Oost",2015,41,1,24,10,1,461,595,512,277725,38800,0.33,2897,215,"2.high","1.low","1.low","2.average","2.average","2.average"
"Oosterparkbuurt Noordwest","M Oost",2015,33,2,48,19,1,1354,538,337,207361,31700,0.3,3878,371,"1.low","2.high","2.high","2.average","2.average","2.average"
"Oosterparkbuurt Zuidoost","M Oost",2015,38,0,42,19,2,985,586,431,242339,36300,0.33,3739,296,"2.high","1.low","2.high","2.average","2.average","2.average"
"Oosterparkbuurt Zuidwest","M Oost",2015,42,0,16,8,0,1272,340,171,197258,28900,0.29,3057,431,"2.high","1.low","2.high","2.average","2.average","2.average"
"Dapperbuurt Noord","M Oost",2015,17,0,28,11,0,1412,569,300,212562,29700,0.29,4193,477,"1.low","1.low","2.high","2.average","2.average","2.average"
"Dapperbuurt Zuid","M Oost",2015,31,0,36,14,1,1290,397,316,210321,30400,0.3,3644,406,"2.high","1.low","2.high","2.average","2.average","2.average"
"Oostpoort","M Oost",2015,13,2,5,9,1,301,104,195,251280,36300,0.33,1107,116,"2.high","1.low","2.high","2.average","2.average","2.average"
"Transvaalbuurt West","M Oost",2015,30,2,18,10,1,1438,509,187,189043,29700,0.27,4118,508,"1.low","1.low","2.high","2.average","2.average","2.average"
"Transvaalbuurt Oost","M Oost",2015,44,0,26,12,1,1447,450,488,221710,29500,0.28,4997,573,"1.low","1.low","2.high","2.average","2.average","2.average"
"Noordwestkwadrant Indische Buurt Noord","M Oost",2015,36,2,24,5,1,1118,773,415,196812,31900,0.29,4063,392,"2.high","1.low","1.low","1.low","2.average","2.average"
"Noordwestkwadrant Indische Buurt Zuid","M Oost",2015,58,2,17,14,0,1279,649,476,186018,31400,0.29,4480,421,"2.high","2.high","2.high","2.average","2.average","2.average"
"Zuidwestkwadrant Indische Buurt","M Oost",2015,18,0,18,9,1,1551,300,103,183293,27500,0.25,4125,515,"1.low","1.low","2.high","1.low","2.average","2.average"
"Noordoostkwadrant Indische Buurt","M Oost",2015,34,0,26,19,2,2150,527,380,185317,27600,0.26,5818,708,"2.high","1.low","2.high","2.average","2.average","2.average"
"Zuidoostkwadrant Indische Buurt","M Oost",2015,23,0,9,10,1,1296,379,169,190574,29100,0.27,3848,439,"1.low","1.low","2.high","1.low","2.average","2.average"
"Oostelijke Handelskade","M Oost",2015,15,4,11,3,0,354,159,238,348795,55200,0.34,1391,91,"2.high","2.high","2.high","2.average","1.low","1.low"
"Rietlanden","M Oost",2015,12,3,22,7,1,404,449,208,326565,47800,0.31,2243,133,"2.high","1.low","1.low","3.high","2.average","2.average"
"Java-eiland","M Oost",2015,26,3,29,12,1,307,510,754,340822,48700,0.3,3217,147,"2.high","2.high","2.high","3.high","3.high","3.high"
"KNSM-eiland","M Oost",2015,29,3,21,9,0,604,591,129,279287,43600,0.31,2422,183,"2.high","2.high","2.high","3.high","3.high","2.average"
"Sporenburg","M Oost",2015,15,1,17,4,1,387,529,70,364445,57500,0.3,2678,133,"2.high","2.high","2.high","3.high","2.average","2.average"
"Borneo","M Oost",2015,34,0,28,5,1,307,382,417,366989,51600,0.32,2850,161,"2.high","2.high","2.high","3.high","2.average","2.average"
"Entrepot-Noordwest","M Oost",2015,8,0,9,2,0,465,239,54,263734,36600,0.31,1547,170,"2.high","1.low","2.high","2.average","3.high","2.average"
"Architectenbuurt","M Oost",2015,11,1,8,4,0,444,487,73,220820,36200,0.29,1806,192,"2.high","1.low","2.high","2.average","2.average","2.average"
"Steigereiland Noord","M Oost",2015,9,0,11,5,1,199,201,192,265321,47800,0.33,1443,82,"2.high","2.high","2.high","2.average","2.average","2.average"
"Steigereiland Zuid","M Oost",2015,6,1,27,17,1,343,523,41,350756,51500,0.3,2624,166,"2.high","2.high","2.high","3.high","2.average","3.high"
"Haveneiland Zuidwest/Rieteiland West","M Oost",2015,12,0,22,6,1,120,593,218,481200,71500,0.32,2841,94,"2.high","2.high","2.high","3.high","3.high","3.high"
"Haveneiland Noordwest","M Oost",2015,5,1,24,7,1,417,370,316,272287,43000,0.3,2416,142,"2.high","1.low","2.high","2.average","2.average","2.average"
"Haveneiland Noordoost","M Oost",2015,18,2,32,23,1,761,909,170,268668,44200,0.3,4910,338,"1.low","1.low","2.high","2.average","2.average","2.average"
"Haveneiland Oost","M Oost",2015,44,1,18,20,2,812,786,213,307527,50300,0.32,4864,275,"2.high","2.high","2.high","3.high","3.high","3.high"
"De Eenhoorn","M Oost",2015,3,2,11,7,0,623,8,651,151910,30800,0.31,1979,86,"2.high","2.high","2.high","3.high","3.high","3.high"
"Julianapark","M Oost",2015,1,0,8,1,0,107,80,233,294492,46900,0.27,812,55,"2.high","2.high","2.high","3.high","2.average","2.average"
"Don Bosco","M Oost",2015,15,3,13,11,0,341,351,284,283889,44300,0.3,1962,103,"2.high","2.high","2.high","2.average","2.average","2.average"
"Tuindorp Amstelstation","M Oost",2015,6,0,2,3,0,485,1,0,184043,24000,0.19,830,136,"1.low","1.low","2.high","2.average","2.average","1.low"
"De Wetbuurt","M Oost",2015,10,0,6,5,0,462,281,148,238038,35400,0.29,1833,130,"2.high","2.high","2.high","2.average","3.high","2.average"
"Tuindorp Frankendael","M Oost",2015,13,0,16,14,1,986,194,242,223485,30000,0.3,2396,269,"1.low","1.low","2.high","2.average","3.high","2.average"
"Linnaeusparkbuurt","M Oost",2015,25,2,35,12,2,243,527,508,340139,49200,0.34,2528,113,"2.high","2.high","2.high","3.high","3.high","3.high"
"Middenmeer Noord","M Oost",2015,31,2,32,6,2,256,491,452,336776,49400,0.31,3018,132,"2.high","2.high","2.high","3.high","3.high","3.high"
"Middenmeer Zuid","M Oost",2015,42,2,48,6,0,219,938,1151,258214,45100,0.28,5158,210,"2.high","1.low","2.high","3.high","3.high","3.high"
"Park De Meer","M Oost",2015,6,1,10,5,0,193,463,37,361830,54200,0.29,1669,98,"2.high","2.high","2.high","3.high","3.high","3.high"
"Science Park Noord","M Oost",2015,3,1,11,3,0,1342,247,90,170413,47000,0.39,2486,31,"2.high","1.low","2.high","2.average","2.average","2.average"
"Betondorp","M Oost",2015,12,0,10,6,0,1657,239,51,185366,25800,0.23,3170,359,"2.high","2.high","2.high","2.average","2.average","2.average"
"Weespertrekvaart","M Oost",2015,5,0,2,1,0,1000,3,24,75644,15700,0.27,1245,29,"1.low","1.low","2.high","1.low","1.low","1.low"
"Amstelkwartier Noord","M Oost",2015,4,0,4,0,1,78,48,151,198428,39900,0.31,716,33,"1.low","2.high","2.high","2.average","2.average","2.average"
"Van der Pekbuurt","N Noord",2015,31,0,23,13,2,2143,175,106,157803,24600,0.25,4866,712,"1.low","1.low","2.high","1.low","1.low","1.low"
"Bloemenbuurt Zuid","N Noord",2015,11,1,15,9,1,1014,83,89,161624,26100,0.23,2416,317,"1.low","2.high","2.high","1.low","1.low","1.low"
"Bloemenbuurt Noord","N Noord",2015,16,3,2,4,0,931,251,43,153149,28400,0.21,2397,290,"1.low","1.low","2.high","1.low","1.low","1.low"
"IJplein e.o.","N Noord",2015,10,0,7,6,1,1073,277,77,158925,26100,0.23,2509,367,"1.low","2.high","2.high","1.low","1.low","1.low"
"Vogelbuurt Zuid","N Noord",2015,40,1,14,17,2,1434,352,206,156689,27500,0.25,4315,596,"1.low","1.low","2.high","1.low","1.low","1.low"
"Vogelbuurt Noord","N Noord",2015,13,0,4,3,0,501,130,18,149543,28000,0.25,1295,164,"1.low","1.low","2.high","1.low","1.low","2.average"
"Tuindorp Nieuwendam West","N Noord",2015,2,1,5,1,0,445,84,9,176452,30600,0.21,1051,88,"2.high","2.high","2.high","1.low","2.average","1.low"
"Tuindorp Nieuwendam Oost","N Noord",2015,12,0,14,4,0,1069,204,32,175273,29500,0.22,2448,223,"2.high","2.high","2.high","2.average","2.average","2.average"
"Blauwe Zand","N Noord",2015,8,0,1,4,0,775,128,9,169285,29400,0.23,1871,214,"2.high","2.high","2.high","2.average","2.average","1.low"
"Nieuwendammerdijk West","N Noord",2015,6,0,10,4,0,1,342,49,372037,64500,0.32,1055,45,"2.high","2.high","2.high","2.average","2.average","2.average"
"Tuindorp Oostzaan West","N Noord",2015,2,1,4,3,0,426,120,5,165798,30000,0.21,1145,99,"2.high","2.high","2.high","2.average","2.average","1.low"
"Tuindorp Oostzaan Oost","N Noord",2015,12,1,22,11,1,1421,517,51,165831,30200,0.2,4195,413,"1.low","2.high","2.high","2.average","2.average","2.average"
"Terrasdorp","N Noord",2015,9,0,7,12,0,1506,445,70,158284,28500,0.23,3922,431,"2.high","2.high","2.high","1.low","1.low","1.low"
"De Bongerd","N Noord",2015,2,0,3,3,1,127,307,16,273623,46400,0.24,1614,89,"2.high","1.low","2.high","2.average","2.average","1.low"
"Twiske West","N Noord",2015,9,0,5,2,0,285,617,41,249179,46700,0.24,2452,135,"2.high","2.high","2.high","2.average","2.average","2.average"
"Molenwijk","N Noord",2015,2,0,9,8,2,1191,198,28,134410,27500,0.2,2992,329,"2.high","2.high","2.high","1.low","2.average","2.average"
"Circus/Kermisbuurt","N Noord",2015,1,0,2,1,0,250,372,21,174322,36300,0.22,1340,112,"1.low","1.low","2.high","2.average","2.average","2.average"
"Kadoelen","N Noord",2015,10,5,12,5,1,201,454,73,296431,45000,0.29,1741,85,"2.high","2.high","2.high","1.low","1.low","1.low"
"Baanakkerspark Noord","N Noord",2015,1,0,3,2,0,0,340,14,130348,33200,0.21,581,36,"2.high","2.high","2.high","2.average","3.high","2.average"
"Werengouw Midden","N Noord",2015,10,0,14,20,1,1536,542,243,143742,27700,0.23,4935,555,"2.high","1.low","2.high","2.average","2.average","2.average"
"Markengouw Midden","N Noord",2015,4,0,5,12,2,965,231,25,197021,32300,0.24,3760,472,"2.high","2.high","2.high","1.low","1.low","1.low"
"Markengouw Zuid","N Noord",2015,0,0,2,4,1,470,121,17,154606,29600,0.25,1745,189,"1.low","1.low","2.high","1.low","1.low","1.low"
"Werengouw Zuid","N Noord",2015,2,0,10,2,0,341,233,20,214162,38400,0.32,1602,176,"2.high","2.high","2.high","1.low","2.average","2.average"
"Loenermark","N Noord",2015,2,0,10,8,0,533,243,42,128207,27900,0.23,1517,118,"2.high","1.low","2.high","1.low","2.average","1.low"
"Plan van Gool","N Noord",2015,4,0,6,10,3,1053,270,78,125369,28900,0.25,2774,359,"1.low","1.low","2.high","1.low","2.average","1.low"
"De Kleine Wereld","N Noord",2015,2,0,3,12,3,997,134,19,139784,27600,0.23,2848,432,"1.low","1.low","2.high","1.low","2.average","2.average"
"Buikslotermeer Noord","N Noord",2015,7,0,10,4,0,880,592,73,172676,31500,0.26,2478,142,"2.high","2.high","2.high","2.average","2.average","2.average"
"Banne Zuidwest","N Noord",2015,9,0,9,7,0,996,328,36,167101,30000,0.24,3622,385,"1.low","1.low","2.high","1.low","1.low","1.low"
"Banne Zuidoost","N Noord",2015,7,2,19,11,1,1050,433,158,175318,31700,0.25,3318,329,"2.high","1.low","2.high","1.low","1.low","1.low"
"Banne Noordwest","N Noord",2015,2,0,3,10,3,877,223,21,145571,27800,0.2,2625,344,"1.low","1.low","2.high","1.low","1.low","1.low"
"Banne Noordoost","N Noord",2015,5,0,17,6,0,1034,388,45,161814,31600,0.24,3599,421,"1.low","1.low","2.high","1.low","1.low","1.low"
"Overhoeks","N Noord",2015,2,0,8,1,0,56,168,219,425397,60800,0.3,843,42,"2.high","2.high","2.high","2.average","2.average","2.average"
"Elzenhagen Noord","N Noord",2015,7,1,4,3,1,169,439,71,285965,50000,0.24,1974,79,"2.high","2.high","2.high","2.average","2.average","2.average"
"Venserpolder West","T Zuidoost",2015,5,0,4,23,1,2034,616,167,117875,24800,0.24,5186,797,"2.high","2.high","2.high","2.average","2.average","2.average"
"Venserpolder Oost","T Zuidoost",2015,14,0,7,11,0,1039,507,127,115717,25000,0.24,3355,487,"2.high","2.high","2.high","2.average","2.average","2.average"
"D-buurt","T Zuidoost",2015,6,0,4,8,1,203,29,861,54813,19300,0.23,1443,76,"1.low","1.low","2.high","2.average","2.average","2.average"
"F-buurt","T Zuidoost",2015,12,0,21,28,1,583,584,152,182089,34400,0.27,3831,400,"2.high","2.high","2.high","2.average","2.average","2.average"
"Rechte H-buurt","T Zuidoost",2015,5,0,6,21,0,913,257,108,117757,24400,0.24,3131,499,"1.low","1.low","2.high","2.average","3.high","2.average"
"Hakfort/Huigenbos","T Zuidoost",2015,19,0,9,10,0,1139,0,0,123767,23700,0.22,2651,444,"1.low","2.high","2.high","2.average","2.average","2.average"
"G-buurt West","T Zuidoost",2015,6,1,16,38,0,424,591,462,174331,32700,0.26,3692,398,"1.low","1.low","2.high","2.average","2.average","2.average"
"Bijlmermuseum Noord","T Zuidoost",2015,4,0,19,15,0,960,103,25,124433,22700,0.21,2265,439,"2.high","2.high","2.high","2.average","3.high","2.average"
"Kortvoort","T Zuidoost",2015,3,0,6,18,3,1185,170,20,107709,22100,0.21,2600,450,"1.low","2.high","2.high","2.average","2.average","2.average"
"K-buurt Midden","T Zuidoost",2015,5,1,10,14,0,893,0,51,131425,23900,0.24,2066,378,"2.high","2.high","2.high","2.average","2.average","2.average"
"Grunder/Koningshoef","T Zuidoost",2015,1,0,4,20,0,302,309,24,187827,35100,0.26,1776,188,"2.high","2.high","2.high","2.average","2.average","3.high"
"G-buurt Oost","T Zuidoost",2015,7,3,14,9,2,349,1186,183,153067,34900,0.27,3122,216,"2.high","2.high","2.high","3.high","3.high","2.average"
"Kantershof","T Zuidoost",2015,1,2,6,12,2,396,521,139,138085,28800,0.25,2199,233,"2.high","2.high","2.high","2.average","2.average","2.average"
"G-buurt Noord","T Zuidoost",2015,1,0,0,13,0,943,0,0,96021,20200,0.19,1834,479,"2.high","2.high","2.high","2.average","2.average","1.low"
"Bijlmermuseum Zuid","T Zuidoost",2015,1,0,1,18,0,796,101,179,120533,23300,0.21,2353,440,"2.high","2.high","2.high","1.low","2.average","2.average"
"L-buurt","T Zuidoost",2015,8,0,17,17,1,345,654,654,134116,33000,0.23,2935,197,"2.high","2.high","2.high","3.high","3.high","2.average"
"Holendrecht Noordwest","T Zuidoost",2015,3,1,3,24,3,1401,0,0,115895,23700,0.18,2901,498,"2.high","2.high","2.high","2.average","3.high","2.average"
"Reigersbos Noord","T Zuidoost",2015,3,0,5,37,0,1671,161,14,130368,26600,0.21,4408,692,"1.low","1.low","2.high","2.average","2.average","2.average"
"Holendrecht Oost","T Zuidoost",2015,6,0,6,11,1,332,529,207,183888,39500,0.24,2436,167,"2.high","2.high","2.high","2.average","2.average","2.average"
"Gaasperdam Noord","T Zuidoost",2015,7,1,14,14,0,604,296,53,147111,29500,0.26,2040,287,"2.high","1.low","2.high","3.high","3.high","2.average"
"Gaasperdam Zuid","T Zuidoost",2015,4,0,4,18,2,515,275,61,128017,26400,0.24,1522,190,"2.high","2.high","2.high","3.high","3.high","3.high"
"Reigersbos Midden","T Zuidoost",2015,6,0,3,8,0,760,347,37,139795,29000,0.24,2451,289,"2.high","2.high","2.high","2.average","2.average","2.average"
"Reigersbos Zuid","T Zuidoost",2015,7,1,8,14,0,525,387,180,174225,34500,0.24,2513,237,"2.high","2.high","2.high","2.average","2.average","2.average"
"Gein Noordwest","T Zuidoost",2015,3,1,7,17,2,1081,304,181,127038,25700,0.22,3085,463,"1.low","2.high","2.high","2.average","3.high","2.average"
"Gein Noordoost","T Zuidoost",2015,3,0,9,14,1,0,1225,36,204520,48200,0.22,3465,193,"2.high","2.high","2.high","2.average","2.average","2.average"
"Gein Zuidoost","T Zuidoost",2015,3,0,8,17,0,910,295,354,172071,32900,0.24,3361,367,"2.high","2.high","2.high","2.average","3.high","2.average"
"Dorp Driemond","T Zuidoost",2015,2,2,3,4,2,264,313,36,218907,42300,0.25,1449,76,"2.high","2.high","2.high","2.average","2.average","3.high"
